[
{"ZIP":"95117","CREDIT_LIMIT":100000,"CITY":"Fort Lauderdale","DISCOUNT_CODE":"N","PHONE":"305-555-0188","CUSTOMER_ID":1,"ADDRESSLINE1":"111 E. Las Olivas Blvd","STATE":"FL","ADDRESSLINE2":"Suite 51","FAX":"305-555-0189","EMAIL":"jumboeagle@example.com","NAME":"Jumbo Eagle Corp"},
{"ZIP":"95035","CREDIT_LIMIT":50000,"CITY":"Miami","DISCOUNT_CODE":"M","PHONE":"305-555-0148","CUSTOMER_ID":2,"ADDRESSLINE1":"9754 Main Street","STATE":"FL","ADDRESSLINE2":"P.O. Box 567","FAX":"305-555-0149","EMAIL":"www.new.example.com","NAME":"New Enterprises"},
{"ZIP":"85638","CREDIT_LIMIT":25000,"CITY":"Houston","DISCOUNT_CODE":"M","PHONE":"214-555-0133","CUSTOMER_ID":25,"ADDRESSLINE1":"8989 Red Albatross Drive","STATE":"TX","ADDRESSLINE2":"Suite 9897","FAX":"214-555-0134","EMAIL":"www.wrencomp.example.com","NAME":"Wren Computers"},
{"ZIP":"12347","CREDIT_LIMIT":90000,"CITY":"Alanta","DISCOUNT_CODE":"L","PHONE":"555-555-0175","CUSTOMER_ID":3,"ADDRESSLINE1":"8585 South Upper Murray Drive","STATE":"GA","ADDRESSLINE2":"P.O. Box 456","FAX":"555-555-0176","EMAIL":"www.smallbill.example.com","NAME":"Small Bill Company"},
{"ZIP":"94401","CREDIT_LIMIT":65000,"CITY":"San Mateo","DISCOUNT_CODE":"H","PHONE":"650-555-0160","CUSTOMER_ID":36,"ADDRESSLINE1":"65653 Lake Road","STATE":"CA","ADDRESSLINE2":"Suite 2323","FAX":"650-555-0161","EMAIL":"www.bobhostcorp.example.com","NAME":"Bob Hosting Corp."},
{"ZIP":"95035","CREDIT_LIMIT":26500,"CITY":"San Jose","DISCOUNT_CODE":"L","PHONE":"408-555-0157","CUSTOMER_ID":106,"ADDRESSLINE1":"829 E Flex Drive","STATE":"CA","ADDRESSLINE2":"Suite 853","FAX":"408-555-0150","EMAIL":"www.centralcomp.example.com","NAME":"Early CentralComp"},
{"ZIP":"95117","CREDIT_LIMIT":70000,"CITY":"Santa Clara","DISCOUNT_CODE":"L","PHONE":"408-555-0169","CUSTOMER_ID":149,"ADDRESSLINE1":"4381 Kelly Valley Ave","STATE":"CA","ADDRESSLINE2":"Suite 77","FAX":"408-555-0167","EMAIL":"www.johnvalley.example.com","NAME":"John Valley Computers"},
{"ZIP":"94401","CREDIT_LIMIT":25000,"CITY":"Redwood City","DISCOUNT_CODE":"N","PHONE":"650-555-0181","CUSTOMER_ID":863,"ADDRESSLINE1":"456 444th Street","STATE":"CA","ADDRESSLINE2":"Suite 45","FAX":"650-555-0180","EMAIL":"www.bignet.example.com","NAME":"Big Network Systems"},
{"ZIP":"48128","CREDIT_LIMIT":100000,"CITY":"Dearborn","DISCOUNT_CODE":"L","PHONE":"313-555-0172","CUSTOMER_ID":777,"ADDRESSLINE1":"88 Northsouth Drive","STATE":"MI","ADDRESSLINE2":"Building C","FAX":"313-555-0171","EMAIL":"www.westv.example.com","NAME":"West Valley Inc."},
{"ZIP":"48128","CREDIT_LIMIT":5000000,"CITY":"Dearborn","DISCOUNT_CODE":"H","PHONE":"313-555-0151","CUSTOMER_ID":753,"ADDRESSLINE1":"2267 NE Michigan Ave","STATE":"MI","ADDRESSLINE2":"Building 21","FAX":"313-555-0152","EMAIL":"www.parts@ford.example.com","NAME":"Zed Motor Co"},
{"ZIP":"48124","CREDIT_LIMIT":50000,"CITY":"Detroit","DISCOUNT_CODE":"N","PHONE":"313-555-0144","CUSTOMER_ID":722,"ADDRESSLINE1":"52963 Notouter Dr","STATE":"MI","ADDRESSLINE2":"Suite 35","FAX":"313-555-0145","EMAIL":"www.bparts.example.com","NAME":"Big Car Parts"},
{"ZIP":"10095","CREDIT_LIMIT":10000,"CITY":"New York","DISCOUNT_CODE":"L","PHONE":"212-555-0110","CUSTOMER_ID":409,"ADDRESSLINE1":"4400 527th Street","STATE":"NY","ADDRESSLINE2":"Suite 562","FAX":"212-555-0111","EMAIL":"www.oldmedia.example.com","NAME":"Old Media Productions"},
{"ZIP":"10096","CREDIT_LIMIT":25000,"CITY":"New York","DISCOUNT_CODE":"M","PHONE":"212-555-0191","CUSTOMER_ID":410,"ADDRESSLINE1":"9653 211th Ave","STATE":"NY","ADDRESSLINE2":"Floor 4","FAX":"212-555-0197","EMAIL":"www.nycompltd@repair.example.com","NAME":"Yankee Computer Repair Ltd"}
]